Model,Accuracy,AUC-ROC,F1 Score,MCC,CV AUC
Ensemble,0.5336,0.520400677783977,0.3642311886586696,0.02885115250707422,
LightGBM,0.5456,0.5195921930857769,0.4144329896907217,0.06209079110567578,0.49745667947379657
Random Forest,0.5184,0.5161619449093877,0.25495049504950495,-0.026754895371294274,0.5053020683690234
XGBoost,0.5328,0.5160172958899014,0.3991769547325103,0.03487947814387365,0.48638188769121377
Gradient Boosting,0.5208,0.5143409170747836,0.38437821171634123,0.009296000604327725,0.4998906248994399
Naive Bayes,0.5048,0.5092575372471225,0.5106719367588933,0.02101799985031419,0.5188245789594157
SVM,0.5264,0.5006457545512781,0.3051643192488263,0.0019099710726291324,0.5141824479353096
Logistic Regression,0.54,0.4980446552187299,0.25806451612903225,0.02310621312482857,0.5155985343485743
